<?xml version="1.0" encoding="UTF-8"?>
<ti:app xmlns:ti="http://ti.appcelerator.org">
    <id>de.manumaticx.ticrouton</id>
    <name>TiCrouton</name>
    <version>1.0</version>
    <publisher>not specified</publisher>
    <url>not specified</url>
    <description>not specified</description>
    <copyright>not specified</copyright>
    <icon>appicon.png</icon>
    <fullscreen>false</fullscreen>
    <navbar-hidden>false</navbar-hidden>
    <analytics>true</analytics>
    <guid>33e03dcc-729c-4bb9-8963-9340e2ace09e</guid>
    <property name="ti.ui.defaultunit" type="string">dp</property>
    <ios>
        <plist>
            <dict>
                <key>UISupportedInterfaceOrientations~iphone</key>
                <array>
                    <string>UIInterfaceOrientationPortrait</string>
                </array>
                <key>UISupportedInterfaceOrientations~ipad</key>
                <array>
                    <string>UIInterfaceOrientationPortrait</string>
                    <string>UIInterfaceOrientationPortraitUpsideDown</string>
                    <string>UIInterfaceOrientationLandscapeLeft</string>
                    <string>UIInterfaceOrientationLandscapeRight</string>
                </array>
                <key>UIRequiresPersistentWiFi</key>
                <false/>
                <key>UIPrerenderedIcon</key>
                <false/>
                <key>UIStatusBarHidden</key>
                <false/>
                <key>UIStatusBarStyle</key>
                <string>UIStatusBarStyleDefault</string>
            </dict>
        </plist>
    </ios>
    <android xmlns:android="http://schemas.android.com/apk/res/android"/>
    <mobileweb>
        <precache/>
        <splash>
            <enabled>true</enabled>
            <inline-css-images>true</inline-css-images>
        </splash>
        <theme>default</theme>
    </mobileweb>
    <modules>
        <module platform="android">de.manumaticx.crouton</module>
    </modules>
    <deployment-targets>
        <target device="tizen">false</target>
        <target device="blackberry">false</target>
        <target device="android">true</target>
        <target device="ipad">false</target>
        <target device="iphone">false</target>
        <target device="mobileweb">false</target>
    </deployment-targets>
    <sdk-version>3.2.2.GA</sdk-version>
</ti:app>
